Interní číslo,Doklad (VS),Faktura,Datum,Čas,Číslo dodavatele,Dodavatel,NC celkem,NC s DPH celkem,Položek celkem,Množství celkem,Z toho dodatečné náklady,Číslo objednávky,Sklad,Typ platby,Typ_zbozi,Stav,Vytisknuto,Provedeno dne,Uživatel,Potvrzeno,V cizí měně,Měna,Doprava,Řidič,Spárováno s objednávkou,Interní číslo přidělené dodavatelské faktuře,Stav dokladu,Přecenění připraveno,Marže,PC s DPH celkem,Vyskladnil/naskladnil,Schváleno,Dovoz,Status EN,Určeno pro odběratele,Určeno pro provozovnu,Určeno pro sklad číslo,Určeno pro sklad
8015028,252043357,,06/03/2025,,121428,Leineweber GmbH Co.KG,6430.6200,7781.0500,6,6.0000,0.0000,0,870,,Oblečení - pánské - Brax,Nenaskladněná,False,,,False,0.0000,,,,False,,,False,2.3125,17994.0000,,False,,Unprocessed,,,,
8015062,67618,,18/03/2025,,126908,Shoe.com GmbH & Co. KG,20876.7600,25260.8800,25,45.0000,0.0000,0,870,,Boty - dámské - s.Oliver,Nenaskladněná,False,,,False,0.0000,,,,False,,,False,2.3141,58455.0000,,False,,Unprocessed,,,,
8015098,FVN2501460,,24/03/2025,,126520,Bonis Spa,6144.4800,7434.8200,6,8.0000,0.0000,0,870,,Boty - dámské - US Polo,Nenaskladněná,False,,,False,0.0000,,,,False,,,False,3.1194,23192.0000,,False,,Unprocessed,,,,
8015120,69485,,26/03/2025,,106985,WORTMANN KG Tamaris,6103.8900,7385.7100,5,9.0000,0.0000,0,870,,Boty - dámské - Tamaris,Nenaskladněná,False,,,False,0.0000,,,,False,,,False,2.3141,17091.0000,,False,,Unprocessed,,,,
8014861,51004235,,08/01/2025,09/01/2025,127085,Betty Barclay Group GmbH,13707.8100,16586.4500,5,9.0000,0.0000,0,870,,Oblečení - dámský blazer - Betty Barclay,Naskladněná,False,09/01/2025,,False,0.0000,,,,False,,,False,2.4792,41121.0000,Smetáková Jiřina,False,,Processed,,,,
8014858,92380,,08/01/2025,09/01/2025,106985,WORTMANN KG Tamaris,4069.2600,4923.8000,5,6.0000,0.0000,0,870,,Boty - dámské - Tamaris,Naskladněná,False,09/01/2025,,False,0.0000,,,,False,,,False,2.3141,11394.0000,Smetáková Jiřina,False,,Processed,,,,
8014856,88835,,08/01/2025,09/01/2025,106985,WORTMANN KG Tamaris,21632.1300,26174.8800,21,30.0000,0.0000,0,870,,Boty - dámské - Tamaris,Naskladněná,False,09/01/2025,,False,0.0000,,,,False,,,False,2.3828,62370.0000,Smetáková Jiřina,False,,Processed,,,,
8014857,88836,,08/01/2025,09/01/2025,106985,WORTMANN KG Tamaris,16704.6300,20212.6000,16,27.0000,0.0000,0,870,,Boty - dámské - Tamaris,Naskladněná,False,09/01/2025,,False,0.0000,,,,False,,,False,2.3141,46773.0000,Smetáková Jiřina,False,,Processed,,,,
8014867,18387,,09/01/2025,09/01/2025,126913,Caprice GmbH dermold,4278.0000,5176.3800,5,6.0000,0.0000,0,870,,Boty - dámské - Caprice - 3. část,Naskladněná,False,09/01/2025,,False,0.0000,,,,False,,,False,2.3171,11994.0000,Smetáková Jiřina,False,,Processed,,,,
8014866,18387,,09/01/2025,09/01/2025,126913,Caprice GmbH dermold,84821.0000,102633.4100,73,113.0000,0.0000,0,870,,Boty - dámské - Caprice - 1. část,Naskladněná,False,09/01/2025,,False,0.0000,,,,False,,,False,2.3159,237687.0000,Smetáková Jiřina,False,,Processed,,,,
8014860,51007110,,08/01/2025,10/01/2025,127085,Betty Barclay Group GmbH,40154.1800,48586.5600,22,22.0000,0.0000,0,870,,Oblečení - dámské bundy - Betty Barclay,Naskladněná,False,10/01/2025,,False,0.0000,,,,False,,,False,2.4809,120538.0000,Smetáková Jiřina,False,,Processed,,,,
8014862,51004892,,08/01/2025,10/01/2025,127085,Betty Barclay Group GmbH,165979.1600,200834.7800,124,184.0000,0.0000,0,870,,Oblečení - dámské - Betty Barclay,Naskladněná,False,10/01/2025,,False,0.0000,,,,False,,,False,2.5998,522136.0000,Smetáková Jiřina,False,,Processed,,,,
8014863,18387,,09/01/2025,10/01/2025,126913,Caprice GmbH dermold,7068.0000,8552.2800,4,6.0000,0.0000,0,870,,Boty - dámské - Peter Kaiser - 2. část,Naskladněná,False,10/01/2025,,False,0.0000,,,,False,,,False,2.3145,19794.0000,Smetáková Jiřina,False,,Processed,,,,
8014859,92381,,08/01/2025,10/01/2025,106985,WORTMANN KG Tamaris,17134.3200,20732.5300,15,24.0000,0.0000,0,870,,Boty - dámské - Tamaris,Naskladněná,False,10/01/2025,,False,0.0000,,,,False,,,False,2.3141,47976.0000,Smetáková Jiřina,False,,Processed,,,,
8014865,93442,,09/01/2025,10/01/2025,106985,WORTMANN KG Tamaris,6425.3700,7774.7000,5,9.0000,0.0000,0,870,,Boty - dámské - Tamaris,Naskladněná,False,10/01/2025,,False,0.0000,,,,False,,,False,2.5456,19791.0000,Smetáková Jiřina,False,,Processed,,,,
8014864,93441,,09/01/2025,13/01/2025,106985,WORTMANN KG Tamaris,10922.2200,13215.8900,10,18.0000,0.0000,0,870,,Boty - dámské - Tamaris,Naskladněná,False,13/01/2025,,False,0.0000,,,,False,,,False,2.3140,30582.0000,Smetáková Jiřina,False,,Processed,,,,
8014868,97142,,14/01/2025,15/01/2025,106985,WORTMANN KG Tamaris,7068.2400,8552.5700,6,9.0000,0.0000,0,870,,Boty - dámské - Tamaris,Naskladněná,False,15/01/2025,,False,0.0000,,,,False,,,False,2.3140,19791.0000,Smetáková Jiřina,False,,Processed,,,,
8014870,51017292,,15/01/2025,15/01/2025,127085,Betty Barclay Group GmbH,19485.4800,23577.4300,6,36.0000,0.0000,0,870,,Kabelky - Betty Barclay,Naskladněná,False,15/01/2025,,False,0.0000,,,,False,,,False,2.4822,58524.0000,Smetáková Jiřina,False,,Processed,,,,
8014872,FVT-31/2025,,16/01/2025,16/01/2025,126686,"APRO DELTA, s.r.o.",32999.5000,39929.4000,18,42.0000,0.0000,0,004,,Kosmetika - parfémy,Naskladněná,False,16/01/2025,,False,0.0000,,,,False,,,False,1.8443,73640.0000,Smetáková Jiřina,False,,Processed,,,,
8014871,251100008,,15/01/2025,17/01/2025,000105,LERROS MODEN GmbH CZECH,90624.2800,90624.2800,133,183.0000,0.0000,0,870,,Oblečení - pánské - Lerros,Naskladněná,False,17/01/2025,,False,0.0000,,,,False,,,False,2.2468,246377.0000,Smetáková Jiřina,False,,Processed,,,,
8014877,FVT-60/2025,,16/01/2025,17/01/2025,126686,"APRO DELTA, s.r.o.",16666.6600,20166.6600,12,99.0000,0.0000,0,004,,Kosmetika - parfémy,Naskladněná,False,17/01/2025,,False,0.0000,,,,False,,,False,1.7860,36018.0000,Smetáková Jiřina,False,,Processed,,,,
8014874,99970,,16/01/2025,17/01/2025,106985,WORTMANN KG Tamaris,29233.8900,35373.0100,25,45.0000,0.0000,0,870,,Boty - dámské - Tamaris,Naskladněná,False,17/01/2025,,False,0.0000,,,,False,,,False,2.3649,83655.0000,Smetáková Jiřina,False,,Processed,,,,
8014875,99971,,16/01/2025,17/01/2025,106985,WORTMANN KG Tamaris,3853.8900,4663.2100,5,9.0000,0.0000,0,870,,Boty - dámské - Tamaris,Naskladněná,False,17/01/2025,,False,0.0000,,,,False,,,False,2.3141,10791.0000,Smetáková Jiřina,False,,Processed,,,,
8014873,99969,,16/01/2025,17/01/2025,106985,WORTMANN KG Tamaris,5782.5000,6996.8300,5,9.0000,0.0000,0,870,,Boty - dámské - Tamaris,Naskladněná,False,17/01/2025,,False,0.0000,,,,False,,,False,2.3141,16191.0000,Smetáková Jiřina,False,,Processed,,,,
8014876,12500511,,16/01/2025,17/01/2025,127436,RIEKER,32359.6800,39155.2100,20,36.0000,0.0000,0,870,,Boty - dámské - Rieker,Naskladněná,False,17/01/2025,,False,0.0000,,,,False,,,False,2.2057,86364.0000,Smetáková Jiřina,False,,Processed,,,,
8014879,30418310,,17/01/2025,20/01/2025,109094,DK Company A/S,59194.6900,71625.5700,64,115.0000,0.0000,0,870,,Oblečení - dámské - InWear,Naskladněná,False,20/01/2025,,False,0.0000,,,,False,,,False,2.4759,177335.0000,Smetáková Jiřina,False,,Processed,,,,
8014880,2500005,,17/01/2025,21/01/2025,127625,Michal Andrzej Slawinski,24276.0000,29373.9600,32,234.0000,0.0000,0,004,,Kosmetika - mýdla - La Florentina,Naskladněná,False,21/01/2025,,False,0.0000,,,,False,,,False,1.7038,50046.0000,Koplová Jana,False,,Processed,,,,
8014878,30419771,,17/01/2025,21/01/2025,109094,DK Company A/S,31203.3600,37756.0700,25,35.0000,0.0000,0,870,,Oblečení - dámské - InWear,Naskladněná,False,21/01/2025,,False,0.0000,,,,False,,,False,2.4808,93665.0000,Smetáková Jiřina,False,,Processed,,,,
8014886,2.25.01083,,22/01/2025,22/01/2025,109090,"XTI FOOTWEAR, S.L.",148710.8600,179940.1400,152,282.0000,0.0000,0,870,,"Boty - dámské, pánské - XTI, Carmela - 1. část",Naskladněná,False,22/01/2025,,False,0.0000,,,,False,,,False,3.0429,547538.0000,Smetáková Jiřina,False,,Processed,,,,
8014885,FV20203610,,21/01/2025,22/01/2025,126827,"LUXURY DISTRIBUTION, s.r.o. CZECH",71235.3300,86194.7500,49,466.0000,0.0000,0,004,,Kosmetika,Naskladněná,False,22/01/2025,,False,0.0000,,,,False,,,False,1.6050,138347.0000,Smetáková Jiřina,False,,Processed,,,,
8014889,2.25.01083,,22/01/2025,23/01/2025,109090,"XTI FOOTWEAR, S.L.",133863.3800,161974.6900,126,214.0000,0.0000,0,870,,"Boty - dámské - Xti, Carmela - 2. část",Naskladněná,False,23/01/2025,,False,0.0000,,,,False,,,False,2.9822,483046.0000,Smetáková Jiřina,False,,Processed,,,,
8014881,02050,,21/01/2025,24/01/2025,106985,WORTMANN KG Tamaris,6425.3700,7774.7000,5,9.0000,0.0000,0,870,,Boty - dámské - Tamaris,Naskladněná,False,24/01/2025,,False,0.0000,,,,False,,,False,2.3141,17991.0000,Smetáková Jiřina,False,,Processed,,,,
8014888,62229,,22/01/2025,24/01/2025,126908,Shoe.com GmbH & Co. KG,5782.5000,6996.8300,5,9.0000,0.0000,0,870,,Boty - dámské - s.Oliver,Naskladněná,False,24/01/2025,,False,0.0000,,,,False,,,False,2.3141,16191.0000,Smetáková Jiřina,False,,Processed,,,,
8014882,02051,,21/01/2025,24/01/2025,106985,WORTMANN KG Tamaris,6425.3700,7774.7000,5,9.0000,0.0000,0,870,,Boty - dámské - Tamaris,Naskladněná,False,24/01/2025,,False,0.0000,,,,False,,,False,2.5456,19791.0000,Smetáková Jiřina,False,,Processed,,,,
8014883,12501115,,21/01/2025,24/01/2025,127436,RIEKER,16159.5000,19553.0000,10,18.0000,0.0000,0,870,,Boty - dámské - Rieker,Naskladněná,False,24/01/2025,,False,0.0000,,,,False,,,False,2.2085,43182.0000,Smetáková Jiřina,False,,Processed,,,,
8014894,2.25.01083,,27/01/2025,27/01/2025,109090,"XTI FOOTWEAR, S.L.",88222.0400,106748.6700,102,196.0000,0.0000,0,870,,"Boty - dámské, pánské - XTI, Carmela - 3. část",Naskladněná,False,27/01/2025,,False,0.0000,,,,False,,,False,3.0509,325684.0000,Smetáková Jiřina,False,,Processed,,,,
8014895,2.25.01083,,27/01/2025,27/01/2025,109090,"XTI FOOTWEAR, S.L.",116160.6000,140554.3300,142,284.0000,0.0000,0,870,,Boty - dámské - Refresh - 4. část,Naskladněná,False,27/01/2025,,False,0.0000,,,,False,,,False,3.1421,441636.0000,Smetáková Jiřina,False,,Processed,,,,
8014896,253700066,,27/01/2025,29/01/2025,121302,"Emporio Lingerie, s.r.o.  CZECH",157478.2600,190548.6900,189,327.0000,0.0000,0,870,,Oblečení - spodní prádlo - DKNY,Naskladněná,False,29/01/2025,,False,0.0000,,,,False,,,False,2.2419,427193.0000,Koplová Jana,False,,Processed,,,,
8014903,21272,,28/01/2025,29/01/2025,126913,Caprice GmbH dermold,53520.0000,64759.2000,5,50.0000,0.0000,0,870,,Kabelky - Caprice,Naskladněná,False,29/01/2025,,False,0.0000,,,,False,,,False,2.3155,149950.0000,Koplová Jana,False,,Processed,,,,
8014901,424081987,,28/01/2025,29/01/2025,127384,TUZZI Collection GmbH Hans-Hofmann-Str. 11,38371.2000,46429.1500,20,30.0000,0.0000,0,870,,Oblečení - dámské - Tuzzi,Naskladněná,False,29/01/2025,,False,0.0000,,,,False,,,False,2.4818,115230.0000,Koplová Jana,False,,Processed,,,,
8014902,22415,,28/01/2025,29/01/2025,126913,Caprice GmbH dermold,49344.0000,59706.2400,38,57.0000,0.0000,0,870,,"Boty - dámské - Caprice, Peter Kaiser",Naskladněná,False,29/01/2025,,False,0.0000,,,,False,,,False,2.3154,138243.0000,Koplová Jana,False,,Processed,,,,
8014899,05569,,28/01/2025,29/01/2025,106985,WORTMANN KG Tamaris,5461.1100,6607.9400,5,9.0000,0.0000,0,870,,Boty - dámské - Tamaris,Naskladněná,False,29/01/2025,,False,0.0000,,,,False,,,False,2.3140,15291.0000,Koplová Jana,False,,Processed,,,,
8014892,251100038,,27/01/2025,03/02/2025,000105,LERROS MODEN GmbH CZECH,15258.6600,15258.6600,19,24.0000,0.0000,0,870,,Oblečení - pánské - Lerros,Naskladněná,False,03/02/2025,,False,0.0000,,,,False,,,False,2.5129,46396.0000,Smetáková Jiřina,False,,Processed,,,,
8014907,7040389757,,30/01/2025,03/02/2025,106974,PIONEER authentic jeans authentic jeans,15105.1500,18277.2300,30,30.0000,0.0000,0,870,,Oblečení - pánské - Pioneer,Naskladněná,False,03/02/2025,,False,0.0000,,,,False,,,False,2.1705,39670.0000,Smetáková Jiřina,False,,Processed,,,,
8014869,7040377978,,15/01/2025,03/02/2025,106974,PIONEER authentic jeans authentic jeans,2643.3900,3198.5000,3,3.0000,0.0000,0,870,,Oblečení - pánské - Pioneer,Naskladněná,False,03/02/2025,,False,0.0000,,,,False,,,False,2.0488,6553.0000,Smetáková Jiřina,False,,Processed,,,,
8014910,253700065,,03/02/2025,03/02/2025,121302,"Emporio Lingerie, s.r.o.  CZECH",52054.9400,62986.4800,59,110.0000,0.0000,0,870,,Oblečení - dámské spodní prádlo - Maidenform,Naskladněná,False,03/02/2025,,False,0.0000,,,,False,,,False,2.2354,140800.0000,Smetáková Jiřina,False,,Processed,,,,
8014908,1090576,,30/01/2025,03/02/2025,000110,Panache Lingerie Ltd United Kingdom,27770.8200,27770.8200,66,66.0000,0.0000,0,870,,Oblečení - dámské spodní prádlo - Panache,Naskladněná,False,03/02/2025,,False,0.0000,,,,False,,,False,2.1764,73134.0000,Smetáková Jiřina,False,,Processed,,,,
8014915,253700082,,04/02/2025,04/02/2025,121302,"Emporio Lingerie, s.r.o.  CZECH",252729.2400,305802.3800,363,587.0000,0.0000,0,870,,Oblečení - dámské spodní prádlo - Naturana,Naskladněná,False,04/02/2025,,False,0.0000,,,,False,,,False,2.2345,683323.0000,Smetáková Jiřina,False,,Processed,,,,
8014913,7040393905,,04/02/2025,04/02/2025,106974,PIONEER authentic jeans authentic jeans,3155.6500,3818.3400,5,5.0000,0.0000,0,870,,Oblečení - pánské - Pioneer,Naskladněná,False,04/02/2025,,False,0.0000,,,,False,,,False,2.1593,8245.0000,Smetáková Jiřina,False,,Processed,,,,
8014906,30423097,,30/01/2025,04/02/2025,109094,DK Company A/S,5032.9800,6089.9100,4,6.0000,0.0000,0,870,,Oblečení  - dámské -  InWear,Naskladněná,False,04/02/2025,,False,0.0000,,,,False,,,False,2.4818,15114.0000,Smetáková Jiřina,False,,Processed,,,,
8014912,30425973,,04/02/2025,04/02/2025,109094,DK Company A/S,19176.1200,23203.1100,16,24.0000,0.0000,0,870,,Oblečení - dámské - InWear,Naskladněná,False,04/02/2025,,False,0.0000,,,,False,,,False,2.4814,57576.0000,Smetáková Jiřina,False,,Processed,,,,
8014891,30422038,,22/01/2025,04/02/2025,109094,DK Company A/S,12078.0000,14614.3800,8,12.0000,0.0000,0,870,,Oblečení - dámské - InWear,Naskladněná,False,04/02/2025,,False,0.0000,,,,False,,,False,2.4789,36228.0000,Smetáková Jiřina,False,,Processed,,,,
8014918,1020682377,,05/02/2025,05/02/2025,126515,PEPE JEANS EUROPE BV,103303.3600,124997.0700,160,239.0000,0.0000,0,870,,"Oblečení - dámské, pánské - Pepe Jeans - 1.část + Credit Note",Naskladněná,False,05/02/2025,,False,0.0000,,,,False,,,False,2.4866,310821.0000,Smetáková Jiřina,False,,Processed,,,,
8014917,2.25.01083,,04/02/2025,05/02/2025,109090,"XTI FOOTWEAR, S.L.",32971.4700,39895.4800,23,69.0000,0.0000,0,870,,"Kabelky - XTI, Carmela - 5.část",Naskladněná,False,05/02/2025,,False,0.0000,,,,False,,,False,3.1227,124581.0000,Smetáková Jiřina,False,,Processed,,,,
8014905,08655,,30/01/2025,05/02/2025,106985,WORTMANN KG Tamaris,8993.5200,10882.1600,10,18.0000,0.0000,0,870,,Boty - dámské - Tamaris,Naskladněná,False,05/02/2025,,False,0.0000,,,,False,,,False,2.3141,25182.0000,Smetáková Jiřina,False,,Processed,,,,
8014897,06905,,28/01/2025,05/02/2025,106985,WORTMANN KG Tamaris,4496.7600,5441.0800,5,9.0000,0.0000,0,870,,Boty - dámské - Tamaris,Naskladněná,False,05/02/2025,,False,0.0000,,,,False,,,False,2.4795,13491.0000,Smetáková Jiřina,False,,Processed,,,,
8014909,250200175,,30/01/2025,05/02/2025,126508,MEXX,19791.5400,23947.7600,19,30.0000,0.0000,0,870,,Boty - dámské - Mexx,Naskladněná,False,05/02/2025,,False,0.0000,,,,False,,,False,2.6437,63310.0000,Smetáková Jiřina,False,,Processed,,,,
8014904,08654,,30/01/2025,05/02/2025,106985,WORTMANN KG Tamaris,8993.5200,10882.1600,10,18.0000,0.0000,0,870,,Boty - dámské - Tamaris,Naskladněná,False,05/02/2025,,False,0.0000,,,,False,,,False,2.8103,30582.0000,Smetáková Jiřina,False,,Processed,,,,
8014898,06906,,28/01/2025,05/02/2025,106985,WORTMANN KG Tamaris,3532.5000,4274.3300,5,9.0000,0.0000,0,870,,Boty - dámské - Tamaris,Naskladněná,False,05/02/2025,,False,0.0000,,,,False,,,False,2.3140,9891.0000,Smetáková Jiřina,False,,Processed,,,,
8014922,22471287,,05/02/2025,06/02/2025,126537,Mark Distri s.r.o. CZECH,83987.4600,101624.8300,113,563.0000,0.0000,0,004,,Kosmetika,Naskladněná,False,06/02/2025,,False,0.0000,,,,False,,,False,1.7927,182187.0000,Smetáková Jiřina,False,,Processed,,,,
8014930,1020683006-18,,06/02/2025,07/02/2025,126515,PEPE JEANS EUROPE BV,59162.2400,71586.3100,70,104.0000,0.0000,0,870,,"Boty - dámské, pánské - Pepe Jeans",Naskladněná,False,07/02/2025,,False,0.0000,,,,False,,,False,2.6963,193016.0000,Smetáková Jiřina,False,,Processed,,,,
8014925,16591,,06/02/2025,07/02/2025,106985,WORTMANN KG Tamaris,12850.7400,15549.4000,10,18.0000,0.0000,0,870,,Boty - dámské - Tamaris,Naskladněná,False,07/02/2025,,False,0.0000,,,,False,,,False,2.3141,35982.0000,Smetáková Jiřina,False,,Processed,,,,
8014924,14117,,06/02/2025,07/02/2025,106985,WORTMANN KG Tamaris,7386.3900,8937.5300,10,18.0000,0.0000,0,870,,Boty - dámské - Tamaris,Naskladněná,False,07/02/2025,,False,0.0000,,,,False,,,False,2.3141,20682.0000,Smetáková Jiřina,False,,Processed,,,,
8014919,24486112,,05/02/2025,07/02/2025,127023,FRANK WALDER FRANK WALDER,94390.4800,114212.4800,81,114.0000,0.0000,0,870,,Oblečení - dámské - Frank Walder,Naskladněná,False,07/02/2025,,False,0.0000,,,,False,,,False,2.6065,297696.0000,Smetáková Jiřina,False,,Processed,,,,
8014921,2239244,,05/02/2025,07/02/2025,127022,JOSEF SEIBEL,109700.0000,132737.0000,75,150.0000,0.0000,0,870,,Boty - dámské - Josef Seibel - 1. část,Naskladněná,False,07/02/2025,,False,0.0000,,,,False,,,False,2.4782,328950.0000,Smetáková Jiřina,False,,Processed,,,,
8014936,20250044064,,07/02/2025,10/02/2025,127072,"Vuch, s.r.o.",61576.8600,74508.0000,52,154.0000,0.0000,0,870,,Kabelky - Vuch,Naskladněná,False,10/02/2025,,False,0.0000,,,,False,,,False,2.4980,186119.0000,Smetáková Jiřina,False,,Processed,,,,
8014937,474838,,07/02/2025,11/02/2025,127570,Bugatti GmbH,58326.0700,70574.5400,21,21.0000,0.0000,0,870,,Oblečení - pánské - Bugatti,Naskladněná,False,11/02/2025,,False,0.0000,,,,False,,,False,2.4802,175039.0000,Smetáková Jiřina,False,,Processed,,,,
8014935,24526965,,07/02/2025,11/02/2025,126992,Seidensticker GmbH Herforde,65190.1600,78880.0900,56,56.0000,0.0000,0,870,,Oblečení - dámské - Seidensticker,Naskladněná,False,11/02/2025,,False,0.0000,,,,False,,,False,2.3181,182854.0000,Smetáková Jiřina,False,,Processed,,,,
8014934,24526966,,07/02/2025,11/02/2025,126992,Seidensticker GmbH Herforde,34487.2000,41729.5100,38,38.0000,0.0000,0,870,,Oblečení - dámské - Seidensticker,Naskladněná,False,11/02/2025,,False,0.0000,,,,False,,,False,2.3171,96692.0000,Smetáková Jiřina,False,,Processed,,,,
8014926,16590,,06/02/2025,11/02/2025,106985,WORTMANN KG Tamaris,11565.0000,13993.6500,10,18.0000,0.0000,0,870,,Boty - dámské - Tamaris,Naskladněná,False,11/02/2025,,False,0.0000,,,,False,,,False,2.3141,32382.0000,Smetáková Jiřina,False,,Processed,,,,
8014928,24634,,06/02/2025,11/02/2025,126913,Caprice GmbH dermold,5454.0000,6599.3400,6,9.0000,0.0000,0,870,,Boty - dámské - Caprice,Naskladněná,False,11/02/2025,,False,0.0000,,,,False,,,False,2.3170,15291.0000,Smetáková Jiřina,False,,Processed,,,,
8014938,2239244,,07/02/2025,11/02/2025,127022,JOSEF SEIBEL,6400.0000,7744.0000,5,8.0000,0.0000,0,870,,Boty - pánské - Josef Seibel - 2. část,Naskladněná,False,11/02/2025,,False,0.0000,,,,False,,,False,2.4783,19192.0000,Smetáková Jiřina,False,,Processed,,,,
8014927,23741,,06/02/2025,11/02/2025,126913,Caprice GmbH dermold,13809.0000,16708.8900,13,19.0000,0.0000,0,870,,Boty - dámské - Caprice,Naskladněná,False,11/02/2025,,False,0.0000,,,,False,,,False,2.3150,38681.0000,Smetáková Jiřina,False,,Processed,,,,
8014942,FVN2500376,,10/02/2025,11/02/2025,126520,Bonis Spa,44289.8400,53590.7100,29,60.0000,0.0000,0,870,,Boty - pánské - US Polo,Naskladněná,False,11/02/2025,,False,0.0000,,,,False,,,False,2.6501,142020.0000,Smetáková Jiřina,False,,Processed,,,,
8014941,250200335,,10/02/2025,11/02/2025,126508,MEXX,27919.8200,33782.9800,25,39.0000,0.0000,0,870,,Boty - dámské - Mexx,Naskladněná,False,11/02/2025,,False,0.0000,,,,False,,,False,2.6523,89601.0000,Smetáková Jiřina,False,,Processed,,,,
8014914,7040395794,,04/02/2025,12/02/2025,106974,PIONEER authentic jeans authentic jeans,3155.6500,3818.3400,5,5.0000,0.0000,0,870,,Oblečení - pánské - Pioneer,Naskladněná,False,12/02/2025,,False,0.0000,,,,False,,,False,2.1593,8245.0000,Smetáková Jiřina,False,,Processed,,,,
8014946,2.25.01083,,11/02/2025,12/02/2025,109090,"XTI FOOTWEAR, S.L.",24784.5000,29989.2500,9,54.0000,0.0000,0,870,,Kabelky - Refresh - 6.část,Naskladněná,False,12/02/2025,,False,0.0000,,,,False,,,False,3.0853,92526.0000,Smetáková Jiřina,False,,Processed,,,,
8014949,25033,,12/02/2025,12/02/2025,104849,NOVODONIA s.r.o. CZECH,11460.0000,13866.6000,32,180.0000,0.0000,0,870,,Oblečení - spodní prádlo - OMSA,Naskladněná,False,12/02/2025,,False,0.0000,,,,False,,,False,2.3308,32320.0000,Smetáková Jiřina,False,,Processed,,,,
8014931,10420546,,07/02/2025,13/02/2025,109094,DK Company A/S,9075.9600,10981.9100,20,30.0000,0.0000,0,870,,Oblečení - dámské - KAFFE,Naskladněná,False,13/02/2025,,False,0.0000,,,,False,,,False,2.4886,27330.0000,Smetáková Jiřina,False,,Processed,,,,
8014923,10420354,,05/02/2025,13/02/2025,109094,DK Company A/S,79927.8200,96712.6600,155,236.0000,0.0000,0,870,,Oblečení - dámské - KAFFE,Naskladněná,False,13/02/2025,,False,0.0000,,,,False,,,False,2.4793,239784.0000,Smetáková Jiřina,False,,Processed,,,,
8014947,51071234,,12/02/2025,13/02/2025,127085,Betty Barclay Group GmbH,39887.2000,48263.5100,20,20.0000,0.0000,0,870,,Oblečení - dámské - Betty Barclay,Naskladněná,False,13/02/2025,,False,0.0000,,,,False,,,False,2.4818,119780.0000,Smetáková Jiřina,False,,Processed,,,,
8014956,12503624,,14/02/2025,14/02/2025,127436,RIEKER,8181.0000,9899.0100,5,9.0000,0.0000,0,870,,Boty - dámské - Rieker,Naskladněná,False,14/02/2025,,False,0.0000,,,,False,,,False,2.1811,21591.0000,Smetáková Jiřina,False,,Processed,,,,
8014955,12503625,,14/02/2025,14/02/2025,127436,RIEKER,6682.5000,8085.8300,5,9.0000,0.0000,0,870,,Boty - dámské - Rieker,Naskladněná,False,14/02/2025,,False,0.0000,,,,False,,,False,2.2250,17991.0000,Smetáková Jiřina,False,,Processed,,,,
8014939,20370110,,10/02/2025,14/02/2025,109094,DK Company A/S,18706.2000,22634.5000,28,42.0000,0.0000,0,870,,Oblečení - dámské - ICHI,Naskladněná,False,14/02/2025,,False,0.0000,,,,False,,,False,2.4820,56178.0000,Smetáková Jiřina,False,,Processed,,,,
8014933,20369942,,07/02/2025,14/02/2025,109094,DK Company A/S,15585.9000,18858.9400,20,30.0000,0.0000,0,870,,Oblečení - dámské - ICHI,Naskladněná,False,14/02/2025,,False,0.0000,,,,False,,,False,2.4800,46770.0000,Smetáková Jiřina,False,,Processed,,,,
8014932,20369941,,07/02/2025,14/02/2025,109094,DK Company A/S,4415.1000,5342.2700,9,12.0000,0.0000,0,870,,Oblečení - dámské - b.young,Naskladněná,False,14/02/2025,,False,0.0000,,,,False,,,False,2.4911,13308.0000,Smetáková Jiřina,False,,Processed,,,,
8014948,51071686,,12/02/2025,14/02/2025,127085,Betty Barclay Group GmbH,33487.4200,40519.7800,29,42.0000,0.0000,0,870,,Oblečení - dámské - Betty Barclay,Naskladněná,False,14/02/2025,,False,0.0000,,,,False,,,False,2.4839,100648.0000,Smetáková Jiřina,False,,Processed,,,,
8014940,30428227,,10/02/2025,17/02/2025,109094,DK Company A/S,24220.0800,29306.3000,24,36.0000,0.0000,0,870,,Oblečení - dámské - InWear,Naskladněná,False,17/02/2025,,False,0.0000,,,,False,,,False,2.4802,72684.0000,Smetáková Jiřina,False,,Processed,,,,
8014943,30428559,,11/02/2025,17/02/2025,109094,DK Company A/S,6055.8000,7327.5200,4,6.0000,0.0000,0,870,,Oblečení - dámské - InWear,Naskladněná,False,17/02/2025,,False,0.0000,,,,False,,,False,2.4802,18174.0000,Smetáková Jiřina,False,,Processed,,,,
8014958,424082572,,14/02/2025,17/02/2025,127384,TUZZI Collection GmbH Hans-Hofmann-Str. 11,63328.2800,76627.2200,34,57.0000,0.0000,0,870,,Oblečení - dámské - Tuzzi,Naskladněná,False,17/02/2025,,False,0.0000,,,,False,,,False,2.4852,190433.0000,Smetáková Jiřina,False,,Processed,,,,
8014950,723632,,13/02/2025,17/02/2025,104220,OLSEN GmbH,18262.7400,22097.9200,18,18.0000,0.0000,0,870,,Oblečení - dámské - Olsen,Naskladněná,False,17/02/2025,,False,0.0000,,,,False,,,False,2.4890,55002.0000,Smetáková Jiřina,False,,Processed,,,,
8014951,723645,,13/02/2025,17/02/2025,104220,OLSEN GmbH,32743.0100,39619.0400,41,43.0000,0.0000,0,870,,Oblečení - dámské - Olsen,Naskladněná,False,17/02/2025,,False,0.0000,,,,False,,,False,2.4995,99027.0000,Smetáková Jiřina,False,,Processed,,,,
8014952,723647,,13/02/2025,17/02/2025,104220,OLSEN GmbH,49324.3200,59682.4300,65,69.0000,0.0000,0,870,,Oblečení - dámské - Olsen,Naskladněná,False,17/02/2025,,False,0.0000,,,,False,,,False,2.4952,148921.0000,Smetáková Jiřina,False,,Processed,,,,
8014957,253700191,,14/02/2025,19/02/2025,121302,"Emporio Lingerie, s.r.o.  CZECH",124631.2600,150803.8200,112,611.0000,0.0000,0,870,,Oblečení - dámské spodní prádlo - Oroblu,Naskladněná,False,19/02/2025,,False,0.0000,,,,False,,,False,2.2505,339379.0000,Smetáková Jiřina,False,,Processed,,,,
8014964,1020683742,,19/02/2025,19/02/2025,126515,PEPE JEANS EUROPE BV,12597.6000,15243.1000,9,27.0000,0.0000,0,870,,"Kabelky - dámské, pánské - Pepe Jeans",Naskladněná,False,19/02/2025,,False,0.0000,,,,False,,,False,2.7280,41583.0000,Smetáková Jiřina,False,,Processed,,,,
8014953,51076335,,13/02/2025,19/02/2025,127085,Betty Barclay Group GmbH,13215.7200,15991.0200,12,15.0000,0.0000,0,870,,Oblečení - dámské - Betty Barclay,Naskladněná,False,19/02/2025,,False,0.0000,,,,False,,,False,2.4805,39665.0000,Smetáková Jiřina,False,,Processed,,,,
8014965,1020682746,,19/02/2025,19/02/2025,126515,PEPE JEANS EUROPE BV,40774.9600,49337.7000,52,74.0000,0.0000,0,870,,"Oblečení - pánské, dámské - Pepe Jeans",Naskladněná,False,19/02/2025,,False,0.0000,,,,False,,,False,2.4854,122626.0000,Smetáková Jiřina,False,,Processed,,,,
8014960,2241528,,18/02/2025,19/02/2025,127022,JOSEF SEIBEL,5280.0000,6388.8000,5,8.0000,0.0000,0,870,,Boty - dámské - Josef Seibel,Naskladněná,False,19/02/2025,,False,0.0000,,,,False,,,False,2.4906,15912.0000,Smetáková Jiřina,False,,Processed,,,,
8014954,20373191,,14/02/2025,20/02/2025,109094,DK Company A/S,21297.3600,25769.8100,40,60.0000,0.0000,0,870,,Oblečení - dámské - ICHI,Naskladněná,False,20/02/2025,,False,0.0000,,,,False,,,False,2.4843,64020.0000,Smetáková Jiřina,False,,Processed,,,,
8014967,1020684046,,19/02/2025,20/02/2025,126515,PEPE JEANS EUROPE BV,29004.5200,35095.4700,36,46.0000,0.0000,0,870,,Oblečení - dámské - Pepe Jeans,Naskladněná,False,20/02/2025,,False,0.0000,,,,False,,,False,2.4822,87114.0000,Smetáková Jiřina,False,,Processed,,,,
8014968,000499,,20/02/2025,20/02/2025,000030,Alfredo Carrea & figli s.r.l.,31737.6000,31737.6000,25,546.0000,0.0000,0,870,,Boty - doplňky - Prestige,Naskladněná,False,20/02/2025,,False,0.0000,,,,False,,,False,2.2294,85614.0000,Koplová Jana,False,,Processed,,,,
8014969,250200470,,20/02/2025,20/02/2025,126508,MEXX,51973.6400,62888.1000,50,77.0000,0.0000,0,870,,Boty - dámské - Mexx,Naskladněná,False,20/02/2025,,False,0.0000,,,,False,,,False,2.6521,166783.0000,Koplová Jana,False,,Processed,,,,
8014966,251100141,,19/02/2025,21/02/2025,000105,LERROS MODEN GmbH CZECH,29438.8800,29438.8800,66,96.0000,0.0000,0,870,,Oblečení - pánské - Lerros,Naskladněná,False,21/02/2025,,False,0.0000,,,,False,,,False,2.2712,80904.0000,Koplová Jana,False,,Processed,,,,
8014972,1020684683,,20/02/2025,21/02/2025,126515,PEPE JEANS EUROPE BV,17341.8000,20983.5800,28,42.0000,0.0000,0,870,,"Oblečení - dámské, pánské - Pepe Jeans",Naskladněná,False,21/02/2025,,False,0.0000,,,,False,,,False,2.4885,52218.0000,Smetáková Jiřina,False,,Processed,,,,
8014974,1020684682,,21/02/2025,21/02/2025,126515,PEPE JEANS EUROPE BV,40660.6400,49199.3700,75,118.0000,0.0000,0,870,,"Oblečení - dámské, pánské - Pepe Jeans - navazuje na ni příjemka 8014977",Stornovaná,False,21/02/2025,,False,0.0000,,,,False,,,False,2.4913,122572.0000,Smetáková Jiřina,False,,Annulled,,,,
8014978,Storno dokladu 8014974,,24/02/2025,24/02/2025,126515,PEPE JEANS EUROPE BV,-40660.6400,-49199.3700,75,-118.0000,0.0000,0,870,,"Oblečení - dámské, pánské - Pepe Jeans",Naskladněná,False,24/02/2025,Koplová Jana,False,0.0000,,,,False,,,False,0.0000,-122572.0000,Koplová Jana,False,,Processed,,,,
8014977,1020684682,,24/02/2025,24/02/2025,126515,PEPE JEANS EUROPE BV,40660.6400,49199.3700,76,118.0000,0.0000,0,870,,"Oblečení - dámské, pánské - Pepe Jeans - navazuje na příjemku 8014974",Naskladněná,False,24/02/2025,,False,0.0000,,,,False,,,False,2.4913,122572.0000,Koplová Jana,False,,Processed,,,,
8014959,10422897,,18/02/2025,24/02/2025,109094,DK Company A/S,8654.5200,10471.9700,21,32.0000,0.0000,0,870,,Oblečení - dámské - Kaffe,Naskladněná,False,24/02/2025,,False,0.0000,,,,False,,,False,2.4931,26108.0000,Smetáková Jiřina,False,,Processed,,,,
8014983,2.25.07670,,24/02/2025,24/02/2025,109090,"XTI FOOTWEAR, S.L.",100957.1200,122158.1200,117,231.0000,0.0000,0,870,,"Boty - dámské - Refresh, Carmela, Xti",Naskladněná,False,24/02/2025,,False,0.0000,,,,False,,,False,3.0582,373579.0000,Smetáková Jiřina,False,,Processed,,,,
8014988,65001178,,24/02/2025,24/02/2025,126624,Fila MEDICO BOTY,63821.9200,77224.5200,74,128.0000,0.0000,0,870,,"Boty - dámské, pánské - Fila",Naskladněná,False,24/02/2025,,False,0.0000,,,,False,,,False,2.3292,179872.0000,Smetáková Jiřina,False,,Processed,,,,
8014971,30635,,20/02/2025,24/02/2025,106985,WORTMANN KG Tamaris,5139.6300,6218.9500,5,9.0000,0.0000,0,870,,Boty - dámské - Tamaris,Naskladněná,False,24/02/2025,,False,0.0000,,,,False,,,False,2.3141,14391.0000,Smetáková Jiřina,False,,Processed,,,,
8014984,293229261,,24/02/2025,25/02/2025,126531,"Loréal Česká republika, s.r.o.",196329.2600,237558.4000,279,1740.0000,0.0000,0,004,,Kosmetika,Naskladněná,False,25/02/2025,,False,0.0000,,,,False,,,False,1.7157,407580.0000,Smetáková Jiřina,False,,Processed,,,,
8014992,1020684317,,25/02/2025,26/02/2025,126515,PEPE JEANS EUROPE BV,5992.9200,7251.4300,3,9.0000,0.0000,0,870,,Kabelky - dámské - Pepe Jeans,Naskladněná,False,26/02/2025,,False,0.0000,,,,False,,,False,2.6134,18951.0000,Smetáková Jiřina,False,,Processed,,,,
8014989,12504872,,24/02/2025,26/02/2025,127436,RIEKER,87237.3600,105557.2100,30,159.0000,0.0000,0,870,,"Kabelky, boty - dámské - Rieker",Naskladněná,False,26/02/2025,,False,0.0000,,,,False,,,False,2.1187,223641.0000,Smetáková Jiřina,False,,Processed,,,,
8014993,250200678,,25/02/2025,26/02/2025,126508,MEXX,20187.8400,24427.2900,16,24.0000,0.0000,0,870,,Boty - dámské - Mexx,Naskladněná,False,26/02/2025,,False,0.0000,,,,False,,,False,2.6518,64776.0000,Smetáková Jiřina,False,,Processed,,,,
8014999,100834,,26/02/2025,26/02/2025,127029,Liu Jo ELI SRL,164345.3400,198857.8600,76,114.0000,0.0000,0,870,,Boty - dámské - Liu Jo,Naskladněná,False,26/02/2025,,False,0.0000,,,,False,,,False,2.1616,429846.0000,Smetáková Jiřina,False,,Processed,,,,
8014994,2242762,,25/02/2025,26/02/2025,127022,JOSEF SEIBEL,13040.0000,15778.4000,9,15.0000,0.0000,0,870,,"Boty - dámské, pánské - Josef Seibel",Naskladněná,False,26/02/2025,,False,0.0000,,,,False,,,False,2.4784,39105.0000,Smetáková Jiřina,False,,Processed,,,,
8014987,12504873,,24/02/2025,26/02/2025,127436,RIEKER,6966.0000,8428.8600,5,9.0000,0.0000,0,870,,Boty - dámské - Rieker,Naskladněná,False,26/02/2025,,False,0.0000,,,,False,,,False,2.2412,18891.0000,Smetáková Jiřina,False,,Processed,,,,
8014973,20375183,,21/02/2025,27/02/2025,109094,DK Company A/S,25360.6800,30686.4200,36,56.0000,0.0000,0,870,,Oblečení - dámské - b.young,Naskladněná,False,27/02/2025,,False,0.0000,,,,False,,,False,2.4853,76264.0000,Smetáková Jiřina,False,,Processed,,,,
8014979,20375305,,24/02/2025,27/02/2025,109094,DK Company A/S,8881.8000,10746.9800,16,24.0000,0.0000,0,870,,Oblečení - dámské - b.young,Naskladněná,False,27/02/2025,,False,0.0000,,,,False,,,False,2.4934,26796.0000,Smetáková Jiřina,False,,Processed,,,,
8014990,252035942,,25/02/2025,27/02/2025,121428,Leineweber GmbH Co.KG,4089.6900,4948.5200,4,4.0000,0.0000,0,870,,Oblečení - pánské - Brax,Naskladněná,False,27/02/2025,,False,0.0000,,,,False,,,False,2.4039,11896.0000,Smetáková Jiřina,False,,Processed,,,,
8014991,252035943,,25/02/2025,27/02/2025,121428,Leineweber GmbH Co.KG,31634.4900,38277.7300,30,30.0000,0.0000,0,870,,Oblečení - dámské - Brax,Naskladněná,False,27/02/2025,,False,0.0000,,,,False,,,False,2.3369,89450.0000,Smetáková Jiřina,False,,Processed,,,,
8014997,24530946,,26/02/2025,27/02/2025,126992,Seidensticker GmbH Herforde,1762.1000,2132.1400,2,2.0000,0.0000,0,870,,Oblečení - dámské - Seidensticker,Naskladněná,False,27/02/2025,,False,0.0000,,,,False,,,False,2.3160,4938.0000,Smetáková Jiřina,False,,Processed,,,,
8014981,20375306,,24/02/2025,27/02/2025,109094,DK Company A/S,4670.8200,5651.6900,12,18.0000,0.0000,0,870,,Oblečení - dámské - ICHI,Naskladněná,False,27/02/2025,,False,0.0000,,,,False,,,False,2.4810,14022.0000,Smetáková Jiřina,False,,Processed,,,,
8014980,20375307,,24/02/2025,27/02/2025,109094,DK Company A/S,5479.2000,6629.8300,5,21.0000,0.0000,0,870,,"Kabelky, doplňky - dámské - ICHI",Naskladněná,False,27/02/2025,,False,0.0000,,,,False,,,False,2.4946,16539.0000,Smetáková Jiřina,False,,Processed,,,,
8014970,7040411525,,20/02/2025,27/02/2025,106974,PIONEER authentic jeans authentic jeans,9466.9500,11455.0100,15,15.0000,0.0000,0,870,,Oblečení - pánské - Pioneer,Naskladněná,False,27/02/2025,,False,0.0000,,,,False,,,False,2.1593,24735.0000,Smetáková Jiřina,False,,Processed,,,,
8015005,252037498,,26/02/2025,28/02/2025,121428,Leineweber GmbH Co.KG,92800.6200,112288.7500,88,88.0000,0.0000,0,870,,Oblečení - dámské - Brax,Naskladněná,False,28/02/2025,,False,0.0000,,,,False,,,False,2.3143,259872.0000,Smetáková Jiřina,False,,Processed,,,,
8015004,252037421,,26/02/2025,28/02/2025,121428,Leineweber GmbH Co.KG,5579.1900,6750.8200,9,9.0000,0.0000,0,870,,Oblečení - dámské - Brax,Naskladněná,False,28/02/2025,,False,0.0000,,,,False,,,False,2.3391,15791.0000,Smetáková Jiřina,False,,Processed,,,,
8015000,252037791,,26/02/2025,28/02/2025,121428,Leineweber GmbH Co.KG,1767.1600,2138.2600,4,4.0000,0.0000,0,870,,Oblečení - dámské - Brax,Naskladněná,False,28/02/2025,,False,0.0000,,,,False,,,False,2.3178,4956.0000,Smetáková Jiřina,False,,Processed,,,,
8014998,252037789,,26/02/2025,28/02/2025,121428,Leineweber GmbH Co.KG,14935.0400,18071.4000,20,20.0000,0.0000,0,870,,Oblečení - pánské - Brax,Naskladněná,False,28/02/2025,,False,0.0000,,,,False,,,False,2.3230,41980.0000,Smetáková Jiřina,False,,Processed,,,,
8015002,252037497,,26/02/2025,28/02/2025,121428,Leineweber GmbH Co.KG,25446.9600,30790.8200,24,24.0000,0.0000,0,870,,Oblečení - pánské - Brax,Naskladněná,False,28/02/2025,,False,0.0000,,,,False,,,False,2.3142,71256.0000,Smetáková Jiřina,False,,Processed,,,,
8014996,252037420,,25/02/2025,28/02/2025,121428,Leineweber GmbH Co.KG,3733.7600,4517.8500,5,5.0000,0.0000,0,870,,Oblečení - pánské - Brax,Naskladněná,False,28/02/2025,,False,0.0000,,,,False,,,False,2.3230,10495.0000,Smetáková Jiřina,False,,Processed,,,,
8015006,24488244,,27/02/2025,28/02/2025,127023,FRANK WALDER FRANK WALDER,84753.6200,102551.8800,72,103.0000,0.0000,0,870,,Oblečení - dámské - Frank Walder,Naskladněná,False,28/02/2025,,False,0.0000,,,,False,,,False,2.6072,267377.0000,Smetáková Jiřina,False,,Processed,,,,
8014986,20376838,,24/02/2025,28/02/2025,109094,DK Company A/S,23118.1200,27972.9300,42,54.0000,0.0000,0,870,,Oblečení - dámské - b.young,Naskladněná,False,28/02/2025,,False,0.0000,,,,False,,,False,2.4840,69486.0000,Smetáková Jiřina,False,,Processed,,,,
8014982,20376824,,24/02/2025,28/02/2025,109094,DK Company A/S,18696.7200,22623.0300,38,54.0000,0.0000,0,870,,Oblečení - dámské - b.young,Naskladněná,False,28/02/2025,,False,0.0000,,,,False,,,False,2.4906,56346.0000,Smetáková Jiřina,False,,Processed,,,,
8015012,VRATKA BRAX,,03/03/2025,03/03/2025,121428,Leineweber GmbH Co.KG,-45164.9600,-54649.6000,40,-40.0000,0.0000,0,870,,VRATKA BRAX - AW2024,Naskladněná,False,03/03/2025,,False,0.0000,,,,False,,,False,0.0000,-88170.0000,Koplová Jana,False,,Processed,,,,
8015011,2240032349,,28/02/2025,03/03/2025,102211,Giorgio Armani S.p.A.,95145.8700,115126.5000,77,101.0000,0.0000,0,870,,"Oblečení - dámské, pánské - EA7",Naskladněná,False,03/03/2025,,False,0.0000,,,,False,,,False,2.3171,266759.0000,Smetáková Jiřina,False,,Processed,,,,
8015007,51100657,,27/02/2025,03/03/2025,127085,Betty Barclay Group GmbH,12420.5200,15028.8300,13,21.0000,0.0000,0,870,,Oblečení - dámské - Betty Barclay,Naskladněná,False,03/03/2025,,False,0.0000,,,,False,,,False,2.4885,37399.0000,Smetáková Jiřina,False,,Processed,,,,
8014985,20376825,,24/02/2025,03/03/2025,109094,DK Company A/S,1817.4000,2199.0500,1,6.0000,0.0000,0,870,,Oblečení - dámské klobouky - ICHI,Naskladněná,False,03/03/2025,,False,0.0000,,,,False,,,False,2.4529,5394.0000,Smetáková Jiřina,False,,Processed,,,,
8015001,252037790,,26/02/2025,03/03/2025,121428,Leineweber GmbH Co.KG,14935.0400,18071.4000,20,20.0000,0.0000,0,870,,Oblečení - pánské - Brax,Naskladněná,False,03/03/2025,,False,0.0000,,,,False,,,False,2.3230,41980.0000,Smetáková Jiřina,False,,Processed,,,,
8015014,VRATKA PIONEER,,03/03/2025,03/03/2025,106974,PIONEER authentic jeans authentic jeans,-151222.0100,-182978.6300,171,-176.0000,0.0000,0,870,,VRATKA PIONEER - AW2024,Naskladněná,False,03/03/2025,,False,0.0000,,,,False,,,False,0.0000,-314994.0000,Koplová Jana,False,,Processed,,,,
8015016,252300534,,03/03/2025,04/03/2025,126508,MEXX,140704.4600,170252.4000,217,276.0000,0.0000,0,870,,"Oblečení - dámské, pánské - Mexx",Naskladněná,False,04/03/2025,,False,0.0000,,,,False,,,False,2.4852,423114.0000,Smetáková Jiřina,False,,Processed,,,,
8015008,25/926,,28/02/2025,04/03/2025,115256,CORMODE S.L.,85186.9100,103076.1600,70,147.0000,0.0000,0,870,,Kabelky - Pepe Moll,Naskladněná,False,04/03/2025,,False,0.0000,,,,False,,,False,2.4406,251563.0000,Smetáková Jiřina,False,,Processed,,,,
8014929,51059297,,06/02/2025,04/03/2025,127085,Betty Barclay Group GmbH,13480.8000,16311.7700,8,12.0000,0.0000,0,870,,Oblečení - dámské - Betty Barclay,Naskladněná,False,04/03/2025,,False,0.0000,,,,False,,,False,2.4821,40488.0000,Koplová Jana,False,,Processed,,,,
8015013,FVT-579/2025,,03/03/2025,05/03/2025,126686,"APRO DELTA, s.r.o.",97647.9800,118154.0600,42,134.0000,0.0000,0,004,,Kosmetika - parfémy,Naskladněná,False,05/03/2025,,False,0.0000,,,,False,,,False,2.2697,268169.0000,Smetáková Jiřina,False,,Processed,,,,
8015018,1020685580,,04/03/2025,05/03/2025,126515,PEPE JEANS EUROPE BV,14793.3000,17899.8900,5,15.0000,0.0000,0,870,,Kabelky - kufry - Pepe Jeans - 2. část,Naskladněná,False,05/03/2025,,False,0.0000,,,,False,,,False,2.4796,44385.0000,Smetáková Jiřina,False,,Processed,,,,
8015020,1020686097,,04/03/2025,05/03/2025,126515,PEPE JEANS EUROPE BV,1436.7000,1738.4100,1,3.0000,0.0000,0,870,,Kabelky - kufry - Pepe Jeans - 2. část,Naskladněná,False,05/03/2025,,False,0.0000,,,,False,,,False,2.4833,4317.0000,Smetáková Jiřina,False,,Processed,,,,
8015019,1020685580,,04/03/2025,05/03/2025,126515,PEPE JEANS EUROPE BV,30870.1800,37352.9200,25,40.0000,0.0000,0,870,,"Oblečení - dámské, pánské - Pepe Jeans - 1. část",Naskladněná,False,05/03/2025,,False,0.0000,,,,False,,,False,2.4828,92740.0000,Smetáková Jiřina,False,,Processed,,,,
8015023,1020686097,,05/03/2025,07/03/2025,126515,PEPE JEANS EUROPE BV,12172.1600,14728.3100,12,12.0000,0.0000,0,870,,Oblečení - dámské - Pepe Jeans - 1. část,Naskladněná,False,07/03/2025,,False,0.0000,,,,False,,,False,2.4815,36548.0000,Smetáková Jiřina,False,,Processed,,,,
8015031,253700410,,07/03/2025,07/03/2025,121302,"Emporio Lingerie, s.r.o.  CZECH",2546.2500,3080.9600,8,8.0000,0.0000,0,870,,Oblečení - dámské spodní prádlo - DKNY,Naskladněná,False,07/03/2025,,False,0.0000,,,,False,,,False,2.2337,6882.0000,Smetáková Jiřina,False,,Processed,,,,
8015003,1020682377,,26/02/2025,07/03/2025,126515,PEPE JEANS EUROPE BV,254.7200,308.2100,1,1.0000,0.0000,0,870,,Oblečení - dámské - Pepe Jeans - 2. část + Credit Note,Naskladněná,False,07/03/2025,,False,0.0000,,,,False,,,False,2.4951,769.0000,Smetáková Jiřina,False,,Processed,,,,
8015030,65001973,,07/03/2025,07/03/2025,126624,Fila MEDICO BOTY,69476.8800,84067.0200,79,136.0000,0.0000,0,870,,"Boty - dámské, pánské - Fila",Naskladněná,False,07/03/2025,,False,0.0000,,,,False,,,False,2.3299,195864.0000,Smetáková Jiřina,False,,Processed,,,,
8015032,12505482,,07/03/2025,07/03/2025,127436,RIEKER,8181.0000,9899.0100,5,9.0000,0.0000,0,870,,Boty - dámské - Rieker,Naskladněná,False,07/03/2025,,False,0.0000,,,,False,,,False,2.1811,21591.0000,Smetáková Jiřina,False,,Processed,,,,
8015033,12505483,,07/03/2025,07/03/2025,127436,RIEKER,6075.0000,7350.7500,5,9.0000,0.0000,0,870,,Boty - dámské - Rieker,Naskladněná,False,07/03/2025,,False,0.0000,,,,False,,,False,2.3251,17091.0000,Smetáková Jiřina,False,,Processed,,,,
8015039,725666,,07/03/2025,07/03/2025,104220,OLSEN GmbH,44550.1200,53905.6500,43,45.0000,0.0000,0,870,,Oblečení - dámské - Olsen,Naskladněná,False,07/03/2025,,False,0.0000,,,,False,,,False,2.4394,131495.0000,Smetáková Jiřina,False,,Processed,,,,
8015038,FVT-542/2025,,07/03/2025,10/03/2025,126686,"APRO DELTA, s.r.o.",22094.6100,26734.4800,11,26.0000,0.0000,0,004,,Kosmetika - parfémy,Naskladněná,False,10/03/2025,,False,0.0000,,,,False,,,False,1.8175,48590.0000,Smetáková Jiřina,False,,Processed,,,,
8015041,12506304,,11/03/2025,11/03/2025,127436,RIEKER,27325.8000,33064.2200,20,36.0000,0.0000,0,870,,Boty - dámské - Rieker - 1. část,Naskladněná,False,11/03/2025,,False,0.0000,,,,False,,,False,2.2309,73764.0000,Smetáková Jiřina,False,,Processed,,,,
8015036,12506305,,07/03/2025,11/03/2025,127436,RIEKER,6480.0000,7840.8000,5,9.0000,0.0000,0,870,,Boty - dámské - Rieker,Naskladněná,False,11/03/2025,,False,0.0000,,,,False,,,False,2.2945,17991.0000,Smetáková Jiřina,False,,Processed,,,,
8015034,12506303,,07/03/2025,11/03/2025,127436,RIEKER,6277.5000,7595.7800,5,9.0000,0.0000,0,870,,Boty - dámské - Rieker,Naskladněná,False,11/03/2025,,False,0.0000,,,,False,,,False,2.2501,17091.0000,Smetáková Jiřina,False,,Processed,,,,
8015029,252043358,,06/03/2025,12/03/2025,121428,Leineweber GmbH Co.KG,25722.4800,31124.2000,24,24.0000,0.0000,0,870,,Oblečení - dámské - Brax,Naskladněná,False,12/03/2025,,False,0.0000,,,,False,,,False,2.3125,71976.0000,Smetáková Jiřina,False,,Processed,,,,
8015015,424083206,,03/03/2025,12/03/2025,127384,TUZZI Collection GmbH Hans-Hofmann-Str. 11,32317.4200,39104.0800,20,34.0000,0.0000,0,870,,Oblečení - dámské - Tuzzi,Naskladněná,False,12/03/2025,,False,0.0000,,,,False,,,False,2.4843,97146.0000,Smetáková Jiřina,False,,Processed,,,,
8015009,252039786,,28/02/2025,12/03/2025,121428,Leineweber GmbH Co.KG,2650.7400,3207.4000,6,6.0000,0.0000,0,870,,Oblečení - dámské - Brax,Naskladněná,False,12/03/2025,,False,0.0000,,,,False,,,False,2.3178,7434.0000,Smetáková Jiřina,False,,Processed,,,,
8015048,1020686440,,12/03/2025,12/03/2025,126515,PEPE JEANS EUROPE BV,30852.3800,37331.3800,56,82.0000,0.0000,0,870,,"Oblečení - dámské, pánské - Pepe Jeans",Naskladněná,False,12/03/2025,,False,0.0000,,,,False,,,False,2.4911,92998.0000,Smetáková Jiřina,False,,Processed,,,,
8015047,1020686439,,11/03/2025,12/03/2025,126515,PEPE JEANS EUROPE BV,5350.4200,6474.0100,9,11.0000,0.0000,0,870,,Oblečení - pánské - Pepe Jeans,Naskladněná,False,12/03/2025,,False,0.0000,,,,False,,,False,2.4883,16109.0000,Smetáková Jiřina,False,,Processed,,,,
8015027,20380980,,05/03/2025,12/03/2025,109094,DK Company A/S,1032.8700,1249.7700,1,3.0000,0.0000,0,870,,Kabelky - dámské - ICHI,Naskladněná,False,12/03/2025,,False,0.0000,,,,False,,,False,2.4941,3117.0000,Smetáková Jiřina,False,,Processed,,,,
8015026,20380979,,05/03/2025,12/03/2025,109094,DK Company A/S,8696.3400,10522.5700,14,20.0000,0.0000,0,870,,Oblečení - dámské - ICHI,Naskladněná,False,12/03/2025,,False,0.0000,,,,False,,,False,2.4899,26200.0000,Smetáková Jiřina,False,,Processed,,,,
8015043,12506495,,11/03/2025,13/03/2025,127436,RIEKER,27378.0000,33127.3800,21,36.0000,0.0000,0,870,,Boty - dámské - Rieker,Naskladněná,False,13/03/2025,,False,0.0000,,,,False,,,False,2.2538,74664.0000,Smetáková Jiřina,False,,Processed,,,,
8015042,12506304,,11/03/2025,13/03/2025,127436,RIEKER,6977.7000,8443.0200,5,9.0000,0.0000,0,870,,Boty - dámské - Rieker - 2. část,Naskladněná,False,13/03/2025,,False,0.0000,,,,False,,,False,2.2375,18891.0000,Smetáková Jiřina,False,,Processed,,,,
8015046,202510232,,11/03/2025,13/03/2025,121316,ROALA spol. s r.o. CZECH,73596.4200,89051.6700,54,81.0000,0.0000,0,870,,Boty - pánské - Bugatti,Naskladněná,False,13/03/2025,,False,0.0000,,,,False,,,False,2.3367,208089.0000,Smetáková Jiřina,False,,Processed,,,,
8015055,2522741,,13/03/2025,13/03/2025,121432,V.FRAAS,35349.8200,42773.2800,52,89.0000,0.0000,0,870,,Oblečení - doplňky - šátky - Fraas,Naskladněná,False,13/03/2025,,False,0.0000,,,,False,,,False,2.6505,113371.0000,Smetáková Jiřina,False,,Processed,,,,
8015050,VFU25-01712,,12/03/2025,14/03/2025,109097,"EMBOGA, SA",15065.0800,18228.7500,7,14.0000,0.0000,0,870,,Kabelky - dámské - Hispanitas - 1. část,Naskladněná,False,14/03/2025,,False,0.0000,,,,False,,,False,2.2868,41686.0000,Smetáková Jiřina,False,,Processed,,,,
8015049,VFU25-01712,,12/03/2025,14/03/2025,109097,"EMBOGA, SA",55419.4200,67057.5000,36,42.0000,0.0000,0,870,,Boty - dámské - Hispanitas - 2. část,Naskladněná,False,14/03/2025,,False,0.0000,,,,False,,,False,2.2783,152778.0000,Smetáková Jiřina,False,,Processed,,,,
8015010,51104507,,28/02/2025,14/03/2025,127085,Betty Barclay Group GmbH,7636.6000,9240.2900,5,5.0000,0.0000,0,870,,Oblečení - dámské - Betty Barclay,Naskladněná,False,14/03/2025,,False,0.0000,,,,False,,,False,2.4831,22945.0000,Smetáková Jiřina,False,,Processed,,,,
8015025,20380978,,05/03/2025,14/03/2025,109094,DK Company A/S,6457.4400,7813.5000,10,12.0000,0.0000,0,870,,Oblečení - dámské - b.young,Stornovaná,False,14/03/2025,,False,0.0000,,,,False,,,False,2.4865,19428.0000,Smetáková Jiřina,False,,Annulled,,,,
8015037,51117858,,07/03/2025,14/03/2025,127085,Betty Barclay Group GmbH,15449.0500,18693.3500,12,15.0000,0.0000,0,870,,Oblečení - dámské - Betty Barclay,Naskladněná,False,14/03/2025,,False,0.0000,,,,False,,,False,2.4830,46415.0000,Smetáková Jiřina,False,,Processed,,,,
8015017,252042490,,04/03/2025,14/03/2025,121428,Leineweber GmbH Co.KG,10542.0000,12755.8200,10,10.0000,0.0000,0,870,,Oblečení - pánské - Brax,Naskladněná,False,14/03/2025,,False,0.0000,,,,False,,,False,2.3197,29590.0000,Smetáková Jiřina,False,,Processed,,,,
8015057,1020686982,,14/03/2025,14/03/2025,126515,PEPE JEANS EUROPE BV,16262.5500,19677.6900,15,19.0000,0.0000,0,870,,Oblečení - dámské - Pepe Jeans,Naskladněná,False,14/03/2025,,False,0.0000,,,,False,,,False,2.4841,48881.0000,Smetáková Jiřina,False,,Processed,,,,
8015024,20380981,,05/03/2025,14/03/2025,109094,DK Company A/S,714.1000,864.0600,2,2.0000,0.0000,0,870,,Oblečení - dámské - b.young,Naskladněná,False,14/03/2025,,False,0.0000,,,,False,,,False,2.4744,2138.0000,Smetáková Jiřina,False,,Processed,,,,
8015059,2025054,,17/03/2025,17/03/2025,115257,"ASSA, s.r.o.",109689.1400,132723.8600,35,193.0000,0.0000,0,870,,Kabelky - Bulaggi,Naskladněná,False,17/03/2025,,False,0.0000,,,,False,,,False,2.8020,371897.0000,Smetáková Jiřina,False,,Processed,,,,
8015056,10427632,,13/03/2025,18/03/2025,109094,DK Company A/S,25747.7200,31154.7400,33,52.0000,0.0000,0,870,,Oblečení - dámské - Kaffe,Naskladněná,False,18/03/2025,,False,0.0000,,,,False,,,False,2.4763,77148.0000,Smetáková Jiřina,False,,Processed,,,,
8015044,51125130,,11/03/2025,18/03/2025,127085,Betty Barclay Group GmbH,7115.8500,8610.1800,5,7.0000,0.0000,0,870,,Oblečení - dámské - Betty Barclay,Naskladněná,False,18/03/2025,,False,0.0000,,,,False,,,False,2.4788,21343.0000,Smetáková Jiřina,False,,Processed,,,,
8015052,20384493,,12/03/2025,18/03/2025,109094,DK Company A/S,3559.8600,4307.4300,15,18.0000,0.0000,0,870,,Oblečení - dámské - b.young,Naskladněná,False,18/03/2025,,False,0.0000,,,,False,,,False,2.6285,11322.0000,Smetáková Jiřina,False,,Processed,,,,
8015053,20384494,,12/03/2025,18/03/2025,109094,DK Company A/S,17556.2400,21243.0500,32,48.0000,0.0000,0,870,,Oblečení - dámské - ICHI,Naskladněná,False,18/03/2025,,False,0.0000,,,,False,,,False,2.4889,52872.0000,Smetáková Jiřina,False,,Processed,,,,
8015065,Storno dokladu 8015025,,19/03/2025,19/03/2025,109094,DK Company A/S,-6457.4400,-7813.5000,10,-12.0000,0.0000,0,870,,OPRAVA navazuje na příjemku 8015025,Naskladněná,False,19/03/2025,Koplová Jana,False,0.0000,,,,False,,,False,0.0000,-19428.0000,Koplová Jana,False,,Processed,,,,
8015066,20380978,,19/03/2025,19/03/2025,109094,DK Company A/S,6457.4400,7813.5000,10,12.0000,0.0000,0,870,,OPRAVA navazuje na příjemku 8015025,Naskladněná,False,19/03/2025,,False,0.0000,,,,False,,,False,2.4865,19428.0000,Koplová Jana,False,,Processed,,,,
8015054,65002515,,12/03/2025,19/03/2025,126624,Fila MEDICO BOTY,5622.4000,6803.1000,5,8.0000,0.0000,0,870,,Boty - dámské - Fila,Naskladněná,False,19/03/2025,,False,0.0000,,,,False,,,False,2.3272,15832.0000,Smetáková Jiřina,False,,Processed,,,,
8015022,251700031,,05/03/2025,19/03/2025,126508,MEXX,8662.7900,10481.9800,3,13.0000,0.0000,0,870,,Kabelky - dámské - Mexx,Naskladněná,False,19/03/2025,,False,0.0000,,,,False,,,False,2.4830,26027.0000,Smetáková Jiřina,False,,Processed,,,,
8015051,251700117,,12/03/2025,19/03/2025,126508,MEXX,10030.0000,12136.3000,2,20.0000,0.0000,0,870,,Kabelky - dámské - Mexx,Naskladněná,False,19/03/2025,,False,0.0000,,,,False,,,False,2.4703,29980.0000,Smetáková Jiřina,False,,Processed,,,,
8015040,252046860,,11/03/2025,19/03/2025,121428,Leineweber GmbH Co.KG,3639.5000,4403.8000,5,5.0000,0.0000,0,870,,Oblečení - dámské - Brax,Naskladněná,False,19/03/2025,,False,0.0000,,,,False,,,False,2.3150,10195.0000,Smetáková Jiřina,False,,Processed,,,,
8015060,424083808,,18/03/2025,19/03/2025,127384,TUZZI Collection GmbH Hans-Hofmann-Str. 11,61106.2600,73938.5700,37,60.0000,0.0000,0,870,,Oblečení - dámské - Tuzzi,Naskladněná,False,19/03/2025,,False,0.0000,,,,False,,,False,2.4645,182220.0000,Smetáková Jiřina,False,,Processed,,,,
8015067,31425,,19/03/2025,19/03/2025,126913,Caprice GmbH dermold,43557.8600,52705.0100,28,38.0000,0.0000,0,870,,Boty - dámské - Caprice,Naskladněná,False,19/03/2025,,False,0.0000,,,,False,,,False,2.3140,121962.0000,Smetáková Jiřina,False,,Processed,,,,
8015068,67619,,19/03/2025,19/03/2025,126908,Shoe.com GmbH & Co. KG,17983.8900,21760.5100,25,45.0000,0.0000,0,870,,Boty - dámské - s.Oliver,Naskladněná,False,19/03/2025,,False,0.0000,,,,False,,,False,2.3141,50355.0000,Smetáková Jiřina,False,,Processed,,,,
8015070,32643,,19/03/2025,19/03/2025,126913,Caprice GmbH dermold,7350.0000,8893.5000,7,10.0000,0.0000,0,870,,Boty - dámské - Caprice,Stornovaná,False,19/03/2025,,False,0.0000,,,,False,,,False,1.9104,16990.0000,Smetáková Jiřina,False,,Annulled,,,,
8015073,1020687160,,19/03/2025,19/03/2025,126515,PEPE JEANS EUROPE BV,6080.2400,7357.0900,6,8.0000,0.0000,0,870,,Boty - dámské - Pepe Jeans,Naskladněná,False,19/03/2025,,False,0.0000,,,,False,,,False,2.5869,19032.0000,Smetáková Jiřina,False,,Processed,,,,
8015058,67620,,14/03/2025,19/03/2025,126908,Shoe.com GmbH & Co. KG,2889.6300,3496.4500,5,9.0000,0.0000,0,870,,Boty - dámské - s.Oliver,Naskladněná,False,19/03/2025,,False,0.0000,,,,False,,,False,2.3141,8091.0000,Smetáková Jiřina,False,,Processed,,,,
8015069,32901,,19/03/2025,19/03/2025,126913,Caprice GmbH dermold,71811.0000,86891.3100,57,81.0000,0.0000,0,870,,"Boty - dámské - Caprice, Peter Kaiser - 1. část",Naskladněná,False,19/03/2025,,False,0.0000,,,,False,,,False,2.3146,201119.0000,Smetáková Jiřina,False,,Processed,,,,
8015079,57896,,20/03/2025,20/03/2025,106985,WORTMANN KG Tamaris,82129.4400,99376.6200,87,138.0000,0.0000,0,870,,Boty - dámské - Tamaris - 1. část,Naskladněná,False,20/03/2025,,False,0.0000,,,,False,,,False,2.3473,233262.0000,Smetáková Jiřina,False,,Processed,,,,
8015071,57897,,19/03/2025,20/03/2025,106985,WORTMANN KG Tamaris,14776.1100,17879.0900,15,27.0000,0.0000,0,870,,Boty -  dámské - Tamaris - 1. část,Naskladněná,False,20/03/2025,,False,0.0000,,,,False,,,False,2.3644,42273.0000,Smetáková Jiřina,False,,Processed,,,,
8015084,250100118,,21/03/2025,21/03/2025,126539,PM-styl spol. s r.o,130886.4600,158372.6200,109,165.0000,0.0000,0,870,,Oblečení - dámské - Leo & Ugo,Naskladněná,False,21/03/2025,,False,0.0000,,,,False,,,False,2.4817,393035.0000,Smetáková Jiřina,False,,Processed,,,,
8015095,57896,,24/03/2025,24/03/2025,106985,WORTMANN KG Tamaris,10922.3100,13216.0000,10,18.0000,0.0000,0,870,,Boty -  dámské - Tamaris - 2. část,Naskladněná,False,24/03/2025,,False,0.0000,,,,False,,,False,2.3140,30582.0000,Smetáková Jiřina,False,,Processed,,,,
8015096,57897,,24/03/2025,24/03/2025,106985,WORTMANN KG Tamaris,7068.1500,8552.4600,5,9.0000,0.0000,0,870,,Boty -  dámské - Tamaris - 2. část,Naskladněná,False,24/03/2025,,False,0.0000,,,,False,,,False,2.3141,19791.0000,Smetáková Jiřina,False,,Processed,,,,
8015080,32901,,20/03/2025,24/03/2025,126913,Caprice GmbH dermold,1178.0000,1425.3800,1,1.0000,0.0000,0,870,,"Boty - dámské - Caprice, Peter Kaiser - 2. část",Naskladněná,False,24/03/2025,,False,0.0000,,,,False,,,False,2.3145,3299.0000,Smetáková Jiřina,False,,Processed,,,,
8015085,12507508,,21/03/2025,24/03/2025,127436,RIEKER,33534.0000,40576.1400,27,45.0000,0.0000,0,870,,Boty - dámské - Rieker,Naskladněná,False,24/03/2025,,False,0.0000,,,,False,,,False,2.2835,92655.0000,Smetáková Jiřina,False,,Processed,,,,
8015086,12507646,,21/03/2025,24/03/2025,127436,RIEKER,6682.5000,8085.8300,5,9.0000,0.0000,0,870,,Boty - dámské - Rieker,Naskladněná,False,24/03/2025,,False,0.0000,,,,False,,,False,2.2250,17991.0000,Smetáková Jiřina,False,,Processed,,,,
8015094,101749,,24/03/2025,24/03/2025,127029,Liu Jo ELI SRL,22590.0000,27333.9000,12,18.0000,0.0000,0,870,,Boty - dámské - Liu Jo,Naskladněná,False,24/03/2025,,False,0.0000,,,,False,,,False,2.1439,58602.0000,Smetáková Jiřina,False,,Processed,,,,
8015093,251100292,,24/03/2025,24/03/2025,000105,LERROS MODEN GmbH CZECH,84044.5000,84044.5000,127,176.0000,0.0000,0,870,,Oblečení - pánské - Lerros,Naskladněná,False,24/03/2025,,False,0.0000,,,,False,,,False,2.2718,231024.0000,Smetáková Jiřina,False,,Processed,,,,
8015063,20387121,,18/03/2025,24/03/2025,109094,DK Company A/S,9299.2800,11252.1300,15,18.0000,0.0000,0,870,,Oblečení - dámské - b.young,Naskladněná,False,24/03/2025,,False,0.0000,,,,False,,,False,2.4779,27882.0000,Smetáková Jiřina,False,,Processed,,,,
8015100,20387122,,24/03/2025,24/03/2025,109094,DK Company A/S,12523.4100,15153.3300,20,29.0000,0.0000,0,870,,Oblečení - dámské - ICHI,Naskladněná,False,24/03/2025,,False,0.0000,,,,False,,,False,2.4906,37741.0000,Smetáková Jiřina,False,,Processed,,,,
8015078,51139694,,20/03/2025,24/03/2025,127085,Betty Barclay Group GmbH,7304.1000,8837.9600,4,6.0000,0.0000,0,870,,Oblečení - dámské - Betty Barclay,Naskladněná,False,24/03/2025,,False,0.0000,,,,False,,,False,2.4841,21954.0000,Smetáková Jiřina,False,,Processed,,,,
8015101,Storno dokladu 8015070,,24/03/2025,24/03/2025,126913,Caprice GmbH dermold,-7350.0000,-8893.5000,7,-10.0000,0.0000,0,870,,OPRAVA 8015070: Boty - dámské - Caprice - špatná NC,Naskladněná,False,24/03/2025,Koplová Jana,False,0.0000,,,,False,,,False,0.0000,-16990.0000,Koplová Jana,False,,Processed,,,,
8015102,32643,,24/03/2025,24/03/2025,126913,Caprice GmbH dermold,6067.9000,7342.1600,7,10.0000,0.0000,0,870,,OPRAVA 8015070: Boty - dámské - Caprice - špatná NC,Naskladněná,False,24/03/2025,,False,0.0000,,,,False,,,False,2.3140,16990.0000,Koplová Jana,False,,Processed,,,,
8015075,20387588,,19/03/2025,25/03/2025,109094,DK Company A/S,5421.4200,6559.9200,12,18.0000,0.0000,0,870,,Oblečení - dámské - Ichi,Naskladněná,False,25/03/2025,,False,0.0000,,,,False,,,False,2.4668,16182.0000,Smetáková Jiřina,False,,Processed,,,,
8015076,20387590,,19/03/2025,25/03/2025,109094,DK Company A/S,14031.9600,16978.6700,26,40.0000,0.0000,0,870,,Oblečení - dámské - Ichi,Naskladněná,False,25/03/2025,,False,0.0000,,,,False,,,False,2.4902,42280.0000,Smetáková Jiřina,False,,Processed,,,,
8015112,225018,,25/03/2025,25/03/2025,102208,NARA spol. s r.o.,74617.5600,90287.2500,69,150.0000,0.0000,0,870,,Kabelky - Tom Tailor,Naskladněná,False,25/03/2025,,False,0.0000,,,,False,,,False,2.3197,209440.0000,Smetáková Jiřina,False,,Processed,,,,
8015111,24491921,,25/03/2025,25/03/2025,127023,FRANK WALDER FRANK WALDER,80230.2000,97078.5400,79,105.0000,0.0000,0,870,,Oblečení - dámské - Frank Walder,Naskladněná,False,25/03/2025,,False,0.0000,,,,False,,,False,2.6064,253025.0000,Smetáková Jiřina,False,,Processed,,,,
8015081,51141852,,21/03/2025,25/03/2025,127085,Betty Barclay Group GmbH,64130.5000,77597.9100,60,83.0000,0.0000,0,870,,Oblečení - dámské - Betty Barclay,Naskladněná,False,25/03/2025,,False,0.0000,,,,False,,,False,2.4792,192377.0000,Smetáková Jiřina,False,,Processed,,,,
8015087,252054479,,24/03/2025,25/03/2025,121428,Leineweber GmbH Co.KG,3639.5000,4403.8000,5,5.0000,0.0000,0,870,,Oblečení - dámské - Brax,Naskladněná,False,25/03/2025,,False,0.0000,,,,False,,,False,2.3150,10195.0000,Smetáková Jiřina,False,,Processed,,,,
8015074,20387589,,19/03/2025,26/03/2025,109094,DK Company A/S,15171.9600,18358.0700,25,30.0000,0.0000,0,870,,Oblečení - dámské - b.young,Naskladněná,False,26/03/2025,,False,0.0000,,,,False,,,False,2.4823,45570.0000,Smetáková Jiřina,False,,Processed,,,,
8015117,424084441,,26/03/2025,26/03/2025,127384,TUZZI Collection GmbH Hans-Hofmann-Str. 11,17453.3200,21118.5200,11,16.0000,0.0000,0,870,,Oblečení - dámské - Tuzzi,Naskladněná,False,26/03/2025,,False,0.0000,,,,False,,,False,2.4814,52404.0000,Smetáková Jiřina,False,,Processed,,,,
8015115,729143,,26/03/2025,26/03/2025,104220,OLSEN GmbH,2934.6800,3550.9600,4,4.0000,0.0000,0,870,,Oblečení - dámské - Olsen,Naskladněná,False,26/03/2025,,False,0.0000,,,,False,,,False,2.3194,8236.0000,Smetáková Jiřina,False,,Processed,,,,
8015116,729068,,26/03/2025,26/03/2025,104220,OLSEN GmbH,58413.8700,70680.7800,62,64.0000,0.0000,0,870,,Oblečení - dámské - Olsen,Naskladněná,False,26/03/2025,,False,0.0000,,,,False,,,False,2.3147,163606.0000,Smetáková Jiřina,False,,Processed,,,,
8015083,301/P,,21/03/2025,26/03/2025,000156,DIELLE MANUFATTURE srl.,49679.8200,49679.8200,23,86.0000,0.0000,0,870,,Kabelky - Beverly Hills Polo Club,Naskladněná,False,26/03/2025,,False,0.0000,,,,False,,,False,2.4811,149144.0000,Smetáková Jiřina,False,,Processed,,,,
8015122,2025082,,26/03/2025,27/03/2025,126835,Analpa Grunberg Hamburg,85121.2000,102996.6500,185,250.0000,0.0000,0,870,,"Boty - Keddo, Neomood, Crosby - 2. část",Naskladněná,False,27/03/2025,,False,0.0000,,,,False,,,False,2.4907,256530.0000,Smetáková Jiřina,False,,Processed,,,,
8015128,2025082,,27/03/2025,28/03/2025,126835,Analpa Grunberg Hamburg,145966.3600,176619.3000,44,379.0000,0.0000,0,870,,"Kabelky - dámské - Keddo, Neomood - 1. část",Naskladněná,False,28/03/2025,,False,0.0000,,,,False,,,False,2.4842,438761.0000,Smetáková Jiřina,False,,Processed,,,,
8015105,20390296,,25/03/2025,31/03/2025,109094,DK Company A/S,29958.3200,36249.5700,49,72.0000,0.0000,0,870,,Oblečení - dámské - b.young,Naskladněná,False,31/03/2025,,False,0.0000,,,,False,,,False,2.4896,90248.0000,Smetáková Jiřina,False,,Processed,,,,
8015104,20390297,,25/03/2025,31/03/2025,109094,DK Company A/S,2323.5000,2811.4400,5,6.0000,0.0000,0,870,,Oblečení - dámské - b.young,Naskladněná,False,31/03/2025,,False,0.0000,,,,False,,,False,2.4948,7014.0000,Smetáková Jiřina,False,,Processed,,,,
8015103,20390298,,24/03/2025,31/03/2025,109094,DK Company A/S,4133.7000,5001.7800,2,6.0000,0.0000,0,870,,Oblečení - dámské - b.young,Naskladněná,False,31/03/2025,,False,0.0000,,,,False,,,False,2.4819,12414.0000,Smetáková Jiřina,False,,Processed,,,,
8015106,20390295,,25/03/2025,31/03/2025,109094,DK Company A/S,29352.2800,35516.2600,53,78.0000,0.0000,0,870,,Oblečení - dámské - b.young,Naskladněná,False,31/03/2025,,False,0.0000,,,,False,,,False,2.4958,88642.0000,Smetáková Jiřina,False,,Processed,,,,
8015118,252054932,,26/03/2025,31/03/2025,121428,Leineweber GmbH Co.KG,11789.4700,14265.2600,11,11.0000,0.0000,0,870,,Oblečení - dámské - Brax,Naskladněná,False,31/03/2025,,False,0.0000,,,,False,,,False,2.3125,32989.0000,Smetáková Jiřina,False,,Processed,,,,
8015123,727946,,27/03/2025,31/03/2025,104220,OLSEN GmbH,3301.1400,3994.3800,6,6.0000,0.0000,0,870,,Oblečení - dámské - Olsen,Naskladněná,False,31/03/2025,,False,0.0000,,,,False,,,False,2.3268,9294.0000,Smetáková Jiřina,False,,Processed,,,,
8015114,7040439344,,26/03/2025,31/03/2025,106974,PIONEER authentic jeans authentic jeans,4006.0000,4847.2600,8,8.0000,0.0000,0,870,,Oblečení - pánské - Pioneer,Naskladněná,False,31/03/2025,,False,0.0000,,,,False,,,False,2.0779,10072.0000,Smetáková Jiřina,False,,Processed,,,,
8015107,7040438331,,25/03/2025,31/03/2025,106974,PIONEER authentic jeans authentic jeans,7002.9000,8473.5100,9,9.0000,0.0000,0,870,,Oblečení - pánské - Pioneer,Naskladněná,False,31/03/2025,,False,0.0000,,,,False,,,False,2.1232,17991.0000,Smetáková Jiřina,False,,Processed,,,,
8015092,7040436297,,24/03/2025,31/03/2025,106974,PIONEER authentic jeans authentic jeans,3514.0000,4251.9400,4,4.0000,0.0000,0,870,,Oblečení - pánské - Pioneer,Naskladněná,False,31/03/2025,,False,0.0000,,,,False,,,False,2.0847,8864.0000,Smetáková Jiřina,False,,Processed,,,,
8015110,7040438264,,25/03/2025,31/03/2025,106974,PIONEER authentic jeans authentic jeans,15813.0000,19133.7300,16,18.0000,0.0000,0,870,,Oblečení - pánské - Pioneer,Naskladněná,False,31/03/2025,,False,0.0000,,,,False,,,False,2.1251,40662.0000,Smetáková Jiřina,False,,Processed,,,,
8015109,7040438270,,25/03/2025,31/03/2025,106974,PIONEER authentic jeans authentic jeans,9337.2000,11298.0100,12,12.0000,0.0000,0,870,,Oblečení - pánské - Pioneer,Naskladněná,False,31/03/2025,,False,0.0000,,,,False,,,False,2.1232,23988.0000,Smetáková Jiřina,False,,Processed,,,,
8015088,7040436451,,24/03/2025,31/03/2025,106974,PIONEER authentic jeans authentic jeans,4041.1000,4889.7300,7,7.0000,0.0000,0,870,,Oblečení - pánské - Pioneer,Naskladněná,False,31/03/2025,,False,0.0000,,,,False,,,False,2.1459,10493.0000,Smetáková Jiřina,False,,Processed,,,,
8015090,7040436455,,24/03/2025,31/03/2025,106974,PIONEER authentic jeans authentic jeans,7658.0100,9266.1900,11,11.0000,0.0000,0,870,,Oblečení - pánské - Pioneer,Naskladněná,False,31/03/2025,,False,0.0000,,,,False,,,False,2.1356,19789.0000,Smetáková Jiřina,False,,Processed,,,,
8015091,7040436457,,24/03/2025,31/03/2025,106974,PIONEER authentic jeans authentic jeans,4618.4000,5588.2600,8,8.0000,0.0000,0,870,,Oblečení - pánské - Pioneer,Naskladněná,False,31/03/2025,,False,0.0000,,,,False,,,False,2.1459,11992.0000,Smetáková Jiřina,False,,Processed,,,,
8015089,7040436298,,24/03/2025,31/03/2025,106974,PIONEER authentic jeans authentic jeans,878.5000,1062.9900,1,1.0000,0.0000,0,870,,Oblečení - pánské - Pioneer,Naskladněná,False,31/03/2025,,False,0.0000,,,,False,,,False,2.1167,2250.0000,Smetáková Jiřina,False,,Processed,,,,
8015108,7040438318,,25/03/2025,31/03/2025,106974,PIONEER authentic jeans authentic jeans,2384.5000,2885.2500,5,5.0000,0.0000,0,870,,Oblečení - pánské - Pioneer,Naskladněná,False,31/03/2025,,False,0.0000,,,,False,,,False,2.1818,6295.0000,Smetáková Jiřina,False,,Processed,,,,
8015124,1100400,,27/03/2025,03/04/2025,000110,Panache Lingerie Ltd United Kingdom,65903.3600,65903.3600,140,144.0000,0.0000,0,870,,Oblečení - dámské - Panache,Naskladněná,False,03/04/2025,,False,0.0000,,,,False,,,False,2.2818,181956.0000,Smetáková Jiřina,False,,Processed,,,,
8015119,68369,,26/03/2025,04/04/2025,126908,Shoe.com GmbH & Co. KG,8672.1300,10493.2800,10,18.0000,0.0000,0,870,,Boty - dámské - s.Oliver,Naskladněná,False,04/04/2025,,False,0.0000,,,,False,,,False,2.3141,24282.0000,Smetáková Jiřina,False,,Processed,,,,
8015113,12507944,,26/03/2025,04/04/2025,127436,RIEKER,7087.5000,8575.8800,5,9.0000,0.0000,0,870,,Boty - dámské - Rieker,Naskladněná,False,04/04/2025,,False,0.0000,,,,False,,,False,2.3078,19791.0000,Smetáková Jiřina,False,,Processed,,,,
8015097,2247309,,24/03/2025,15/04/2025,127022,JOSEF SEIBEL,9945.0000,12033.4500,5,13.0000,0.0000,0,870,,Boty - dámské - Josef Seibel,Naskladněná,False,15/04/2025,,False,0.0000,,,,False,,,False,2.4837,29887.0000,Smetáková Jiřina,False,,Processed,,,,
8015045,2245412,,11/03/2025,15/04/2025,127022,JOSEF SEIBEL,5280.0000,6388.8000,5,8.0000,0.0000,0,870,,Boty - dámské - Josef Seibel,Naskladněná,False,15/04/2025,,False,0.0000,,,,False,,,False,2.4906,15912.0000,Smetáková Jiřina,False,,Processed,,,,
